# target	file	ruleId	count
backend	backend/src/kloel/wallet.controller.spec.ts	@typescript-eslint/no-unsafe-assignment	2
backend	backend/src/kloel/wallet.controller.spec.ts	@typescript-eslint/no-unsafe-member-access	6
backend	backend/src/marketing/channels/whatsapp/providers/whatsapp-api.provider.helpers.session.spec.ts	@typescript-eslint/no-unsafe-assignment	10
backend	backend/src/marketing/channels/whatsapp/providers/whatsapp-api.provider.helpers.session.spec.ts	@typescript-eslint/no-unsafe-call	14
backend	backend/src/marketing/channels/whatsapp/providers/whatsapp-api.provider.helpers.session.spec.ts	@typescript-eslint/no-unsafe-member-access	1
backend	backend/src/marketing/channels/whatsapp/providers/whatsapp-api.provider.spec.ts	@typescript-eslint/no-unsafe-call	1
backend	backend/src/marketing/channels/whatsapp/whatsapp-session.service.ts	@typescript-eslint/require-await	2
backend	backend/test/app.e2e-spec.ts	@typescript-eslint/no-explicit-any	4
backend	backend/test/app.e2e-spec.ts	@typescript-eslint/no-unsafe-argument	1
backend	backend/test/app.e2e-spec.ts	@typescript-eslint/no-unsafe-assignment	2
backend	backend/test/app.e2e-spec.ts	@typescript-eslint/no-unsafe-call	1
backend	backend/test/app.e2e-spec.ts	@typescript-eslint/no-unsafe-return	4
backend	backend/test/auth.e2e-spec.ts	@typescript-eslint/no-explicit-any	4
backend	backend/test/auth.e2e-spec.ts	@typescript-eslint/no-unsafe-argument	8
backend	backend/test/auth.e2e-spec.ts	@typescript-eslint/no-unsafe-assignment	2
backend	backend/test/auth.e2e-spec.ts	@typescript-eslint/no-unsafe-call	1
backend	backend/test/auth.e2e-spec.ts	@typescript-eslint/no-unsafe-return	4
backend	backend/test/autopilot.e2e-spec.ts	@typescript-eslint/no-explicit-any	4
backend	backend/test/autopilot.e2e-spec.ts	@typescript-eslint/no-unsafe-argument	1
backend	backend/test/autopilot.e2e-spec.ts	@typescript-eslint/no-unsafe-assignment	2
backend	backend/test/autopilot.e2e-spec.ts	@typescript-eslint/no-unsafe-call	1
backend	backend/test/autopilot.e2e-spec.ts	@typescript-eslint/no-unsafe-return	4
backend	backend/test/cross-tenant-denial.e2e-spec.ts	@typescript-eslint/no-explicit-any	5
backend	backend/test/cross-tenant-denial.e2e-spec.ts	@typescript-eslint/no-unsafe-argument	3
backend	backend/test/cross-tenant-denial.e2e-spec.ts	@typescript-eslint/no-unsafe-assignment	1
backend	backend/test/cross-tenant-denial.e2e-spec.ts	@typescript-eslint/no-unsafe-call	1
backend	backend/test/cross-tenant-denial.e2e-spec.ts	@typescript-eslint/no-unsafe-return	3
backend	backend/test/flow-templates.e2e-spec.ts	@typescript-eslint/no-explicit-any	4
backend	backend/test/flow-templates.e2e-spec.ts	@typescript-eslint/no-unsafe-argument	5
backend	backend/test/flow-templates.e2e-spec.ts	@typescript-eslint/no-unsafe-assignment	5
backend	backend/test/flow-templates.e2e-spec.ts	@typescript-eslint/no-unsafe-call	1
backend	backend/test/flow-templates.e2e-spec.ts	@typescript-eslint/no-unsafe-member-access	4
backend	backend/test/flow-templates.e2e-spec.ts	@typescript-eslint/no-unsafe-return	4
backend	backend/test/flows-run.e2e-spec.ts	@typescript-eslint/no-explicit-any	4
backend	backend/test/flows-run.e2e-spec.ts	@typescript-eslint/no-unsafe-argument	1
backend	backend/test/flows-run.e2e-spec.ts	@typescript-eslint/no-unsafe-assignment	3
backend	backend/test/flows-run.e2e-spec.ts	@typescript-eslint/no-unsafe-call	1
backend	backend/test/flows-run.e2e-spec.ts	@typescript-eslint/no-unsafe-member-access	2
backend	backend/test/flows-run.e2e-spec.ts	@typescript-eslint/no-unsafe-return	4
backend	backend/test/inbox.e2e-spec.ts	@typescript-eslint/no-explicit-any	4
backend	backend/test/inbox.e2e-spec.ts	@typescript-eslint/no-unsafe-argument	2
backend	backend/test/inbox.e2e-spec.ts	@typescript-eslint/no-unsafe-assignment	2
backend	backend/test/inbox.e2e-spec.ts	@typescript-eslint/no-unsafe-call	1
backend	backend/test/inbox.e2e-spec.ts	@typescript-eslint/no-unsafe-member-access	1
backend	backend/test/inbox.e2e-spec.ts	@typescript-eslint/no-unsafe-return	4
backend	backend/test/kloel-full-e2e.spec.ts	@typescript-eslint/no-explicit-any	6
backend	backend/test/kloel-full-e2e.spec.ts	@typescript-eslint/no-unsafe-argument	17
backend	backend/test/kloel-full-e2e.spec.ts	@typescript-eslint/no-unsafe-assignment	19
backend	backend/test/kloel-full-e2e.spec.ts	@typescript-eslint/no-unsafe-call	3
backend	backend/test/kloel-full-e2e.spec.ts	@typescript-eslint/no-unsafe-member-access	34
backend	backend/test/kloel-full-e2e.spec.ts	@typescript-eslint/no-unsafe-return	4
backend	backend/test/kloel-unified.e2e-spec.ts	@typescript-eslint/no-unsafe-argument	10
backend	backend/test/kloel-unified.e2e-spec.ts	@typescript-eslint/no-unsafe-assignment	1
backend	backend/test/kloel-unified.e2e-spec.ts	@typescript-eslint/no-unsafe-member-access	4
backend	backend/test/metrics.e2e-spec.ts	@typescript-eslint/no-explicit-any	4
backend	backend/test/metrics.e2e-spec.ts	@typescript-eslint/no-unsafe-argument	2
backend	backend/test/metrics.e2e-spec.ts	@typescript-eslint/no-unsafe-assignment	2
backend	backend/test/metrics.e2e-spec.ts	@typescript-eslint/no-unsafe-call	1
backend	backend/test/metrics.e2e-spec.ts	@typescript-eslint/no-unsafe-return	4
backend	backend/test/mocks/bullmq.ts	@typescript-eslint/no-explicit-any	1
backend	backend/test/whatsapp-optin.e2e-spec.ts	@typescript-eslint/no-explicit-any	4
backend	backend/test/whatsapp-optin.e2e-spec.ts	@typescript-eslint/no-unsafe-argument	4
backend	backend/test/whatsapp-optin.e2e-spec.ts	@typescript-eslint/no-unsafe-assignment	2
backend	backend/test/whatsapp-optin.e2e-spec.ts	@typescript-eslint/no-unsafe-call	1
backend	backend/test/whatsapp-optin.e2e-spec.ts	@typescript-eslint/no-unsafe-member-access	3
backend	backend/test/whatsapp-optin.e2e-spec.ts	@typescript-eslint/no-unsafe-return	4
backend	backend/test/whatsapp-send.e2e-spec.ts	@typescript-eslint/no-explicit-any	4
backend	backend/test/whatsapp-send.e2e-spec.ts	@typescript-eslint/no-unsafe-argument	1
backend	backend/test/whatsapp-send.e2e-spec.ts	@typescript-eslint/no-unsafe-assignment	2
backend	backend/test/whatsapp-send.e2e-spec.ts	@typescript-eslint/no-unsafe-call	1
backend	backend/test/whatsapp-send.e2e-spec.ts	@typescript-eslint/no-unsafe-return	4
frontend	frontend/src/app/(main)/flow/page.tsx	react-hooks/set-state-in-effect	1
frontend	frontend/src/components/kloel/products/ProductNerveCenterRoot.js	react-hooks/refs	6
frontend	frontend/src/components/kloel/products/ProductNerveCenterRoot.js	react-hooks/set-state-in-effect	10
